year	country	country_code	population	gdp	coal	gas	hydro	nuclear	oil	other_renewables	solar	wind	co2	coal_production	oil_production	gas_production
1965	United Arab Emirates	AE	150362	NA	0.0	0.0	0.0	0.0	0.07	0.0	0.0	0.0	0.222	0	13.666	0
1965	Argentina	AR	22283390	28344705966.6389	0.727	3.545	0.274	0.0	22.05	0.0	0.0	0.0	77.225	0	13.765	0
1965	Austria	AT	7270889	9994070615.85997	5.083	1.481	3.639	0.0	5.561	0.0	0.0	0.0	39.47	0	0	0
1965	Australia	AU	11388000	25962593795.4978	17.371	0.003	1.74	0.0	15.122	0.067	0.0	0.0	113.834	0	0.346	0
1965	Belgium	BE	9463667	17371457607.9374	19.169	0.063	0.062	0.0	15.94	0.0	0.0	0.0	124.856	0	0	0
1965	Bulgaria	BG	8204168	NA	5.996	0.048	0.453	0.0	3.702	0.0	0.0	0.0	36.744	0	0	0
1965	Total Former Soviet Union	BP_FSU	229385858	NA	297.437	104.622	19.306	0.421	168.325	0.0	0.0	0.0	1907.258	0	242.888	0
1965	Total Africa	BP_TAF	321994177	49088703277.9623230	28.855	0.821	3.231	0.0	27.045	0.0	0.0	0.0	198.979	0	106.541	0
